NO, DPSI, XMLFileCount, ImageCount, CreatedDate, UpdatedDate 
1,02DW,4069,4,11-05-2018 16:27:06,11-05-2018 16:27:06
2,02EC,19358,0,11-05-2018 16:27:06,11-05-2018 16:27:06
3,02ES,35232,827,11-05-2018 16:27:06,11-05-2018 16:27:06
4,02FC,1631,0,11-05-2018 16:27:06,11-05-2018 16:27:06
5,02FE,3980,1878,11-05-2018 16:27:06,11-05-2018 16:27:06
6,02FF,3592,55,11-05-2018 16:27:06,11-05-2018 16:27:06
7,02FU,4126,176,11-05-2018 16:27:06,11-05-2018 16:27:06
8,02G4,14755,913,11-05-2018 16:27:06,11-05-2018 16:27:06
9,02YM,657,23,11-05-2018 16:27:06,11-05-2018 16:27:06
10,03Y4,8536,73,11-05-2018 16:27:06,11-05-2018 16:27:06
11,042B,9106,0,11-05-2018 16:27:06,11-05-2018 16:27:06
12,07G5,17663,36,11-05-2018 16:27:06,11-05-2018 16:27:06
13,07GC,13934,60,11-05-2018 16:27:06,11-05-2018 16:27:06
14,07GE,6625,46,11-05-2018 16:27:06,11-05-2018 16:27:06
15,0CWU,846,9,11-05-2018 16:27:06,11-05-2018 16:27:06
16,0CWW,835,36,11-05-2018 16:27:06,11-05-2018 16:27:06
17,0CWX,313,0,11-05-2018 16:27:06,11-05-2018 16:27:06
18,0CWY,806,0,11-05-2018 16:27:06,11-05-2018 16:27:06
19,0CWZ,877,0,11-05-2018 16:27:06,11-05-2018 16:27:06
20,0KBL,33704,32,11-05-2018 16:27:06,11-05-2018 16:27:06
21,0L3S,124,3,11-05-2018 16:27:06,11-05-2018 16:27:06
22,0MQW,6952,0,11-05-2018 16:27:06,11-05-2018 16:27:06
23,0O30,1402,207,11-05-2018 16:27:06,11-05-2018 16:27:06
24,0PV8,582,3,11-05-2018 16:27:06,11-05-2018 16:27:06
25,0SX4,639,77,11-05-2018 16:27:06,11-05-2018 16:27:06
26,0T2S,25119,10,11-05-2018 16:27:06,11-05-2018 16:27:06
27,02E1,910,0,11-05-2018 16:27:06,11-05-2018 16:27:06
28,02EF,277,0,11-05-2018 16:27:06,11-05-2018 16:27:06
29,041C,142,0,11-05-2018 16:27:06,11-05-2018 16:27:06
30,04LF,3332,0,11-05-2018 16:27:06,11-05-2018 16:27:06
31,057D,445,0,11-05-2018 16:27:06,11-05-2018 16:27:06
32,07G6,4651,0,11-05-2018 16:27:06,11-05-2018 16:27:06
33,07G9,2187,0,11-05-2018 16:27:06,11-05-2018 16:27:06
34,07GD,1281,0,11-05-2018 16:27:06,11-05-2018 16:27:06
35,0C3C,2174,0,11-05-2018 16:27:06,11-05-2018 16:27:06
36,0GNE,121063,0,11-05-2018 16:27:06,11-05-2018 16:27:06
37,0WCQ,11736,0,11-05-2018 16:27:06,11-05-2018 16:27:06
